week,title,url,thumbnail,author,summary,genre,age,company
월요일,스윙 배이비,https://www.lezhin.com/ko/comic/swingbaeevy,https://ccdn.lezhin.com/v2/comics/6147621996789760/images/wide.webp?updated=1634537597949&width=277,무단,"#오피스물#리맨물#댕댕이공#금수저공#돌+I수#내일이없수
어느날 ＂윤서오＂라는 남자가 낙하산을 타고 하늘에서 뚝 떨어졌다.
만년 주니어 배이비(베이비)는 주니어 딱지를 떼기 위해
게임〈보스 메뉴얼〉대로 윤서오(존슨)를 공략하는데...
그는 배이비의 승진 동아줄이 될 수 있을까?",BL,15세 이용가,레진코믹스
월요일,첫걸음을 내딛는 방법,https://www.lezhin.com/ko/comic/first_step,https://ccdn.lezhin.com/v2/comics/4669144063868928/images/wide.webp?updated=1634194303681&width=277,정선우,"어릴 적 누군가가 무심코 던진 한 마디에 상처를 받아 말더듬이가 된 재하와 히키코모리가 된 영우.
각기 다른 아픔을 가지고 있는 두 사람. 과연 두 사람은 서로를 통해 상처를 치유할 수 있을까?",BL,전체 이용가,레진코믹스
월요일,바른쀼생활,https://www.lezhin.com/ko/comic/20_nov,https://ccdn.lezhin.com/v2/comics/4566161041522688/images/wide.webp?updated=1633247964260&width=277,윤박,"원룸에서 츄리닝 차림으로 한 프러포즈, 그리고 결혼..? 스물일곱 동갑내기의 바른(?) 부부생활! 철없는 남편, 그런 그를 거친 생각과 불안한 눈빛으로 지켜보는 아내님! 두 사람의 요절복통 신혼일기, <바른쀼생활>!",일상,15세 이용가,레진코믹스
월요일,바퀴멘터리,https://www.lezhin.com/ko/comic/baquimentary,https://ccdn.lezhin.com/v2/comics/6185833387393024/images/wide.webp?updated=1626417739320&width=277,박바퀴,제가 이러고 삽니다.,일상,15세 이용가,레진코믹스
월요일,커튼콜 아래그랑,https://www.lezhin.com/ko/comic/curtain_call,https://ccdn.lezhin.com/v2/comics/5/images/wide.webp?updated=1602829186999&width=277,바싹탄숯,"신의 능력 '커튼콜'을 가진 사설 심부름꾼 비기난, 책을 먹으며 식신을 다루는 '지식인' 스콘, 말괄량이 의사 콜롬보, 상냥하고 잔혹한 악마 이오나들의 모험과 배후에 숨겨진 천사와 악마의 음모가 장대하게 펼쳐지는 판타지 대 서사시!",판타지,15세 이용가,레진코믹스
월요일,꼴데툰 2021,https://www.lezhin.com/ko/comic/ggtoon2021,https://ccdn.lezhin.com/v2/comics/6690294575988736/images/wide.webp?updated=1630634519726&width=277,샤다라빠,"지난 몇 년 간 꿇었던 건 추신수 아니 추진력을 얻기 위함이었다!
보고 있는가, 추신수.. 여기 자네보다 뛰어난 인재가 있네. 무려 둘이나..
투타를 책임질 김진욱과 나승엽은 꼴데의 환장 대모험(?)을
아름다운 역사로 바꿔줄 것인가..!
올해도 주6회 등판하는 웹툰계 슈퍼 세이브 야구만화!",개그,15세 이용가,레진코믹스
월요일,BJ 알렉스[개정판],https://www.lezhin.com/ko/comic/bjalex_15,https://ccdn.lezhin.com/v2/comics/5367962326859776/images/wide.webp?updated=1605248505358&width=277,밍과,"[개정판]
해당 작품은 <BJ 알렉스> 성인 버전의 일부 장면을 수정한 개정판입니다. 방송 전문 bj 알렉스에게 푹 빠진 진성팬 남동균은 그의 방송을 보며 홀로 그와 함께하는 상상을 하곤 하는데... 어느 날 인기 많은 엘리트 학생회장 안지원에게서 알렉스와 똑같은 나비 무늬 반점을 발견한다면?? 상상이 현실로 이루어질 수 있을까?",BL,15세 이용가,레진코믹스
월요일,안나 이야기,https://www.lezhin.com/ko/comic/story_of_anna,https://ccdn.lezhin.com/v2/comics/4907714540535808/images/wide.webp?updated=1622686784640&width=277,김지효,안나는 대장간에서 검 만드는 일을 한다. 어느 날 단골 손님인 알렉스를 숲속 도적떼로부터 구한 이후 그녀의 평범한 일상이 깨지게 되는데…!,로맨스,전체 이용가,레진코믹스
월요일,citrus 시트러스,https://www.lezhin.com/ko/comic/citrus,https://ccdn.lezhin.com/v2/comics/4520115655147520/images/wide.webp?updated=1627269359550&width=277,사부로우타,"외모는 영락없이 노는 여고생이지만 한 번도 사랑을 해본 적 없는 유즈는, 부모님의 재혼으로 전학가게 된다.남자친구가 안 생겨! 하고 불만이 폭발한 전학 첫날, 검은 머리 미인인 학생회장 메이와 최악의 방식으로 만나게 된다. 그후 우연히 메이와 훈남 담임선생님의 키스 장면을 목격하고 마음과는 반대로 그 장면을 머리에서 지울 수 없는 유즈. 게다가 학생회장과 의자매가 되어 같은 방에서 생활하게 되는데…?!
정반대인 두 여고생이 서로에게 반발하면서도 이끌린다. 자매의 love affair, 시작!",백합,15세 이용가,레진코믹스
월요일,아스란히,https://www.lezhin.com/ko/comic/dimly,https://ccdn.lezhin.com/v2/comics/5330738698911744/images/wide.webp?updated=1630476569406&width=277,포카,"전쟁 중에 화살을 맞은 주인공 '휘운'은 자신의 죽음 앞에서 좌절하는 '소하'를 남겨두고 눈을 감는다. 그러나 죽은 줄만 알았던 휘운은 완전히 다른 몸으로 다른 장소에서 눈을 뜨고, 혼란스러워하는 그의 앞에 도깨비 '하랑’이 나타난다. 그를 따라 찾아간 도깨비 마을에서 낯선 환경에 적응해 가던 휘운은 급기야 '도깨비 왕’을 만나게 되는데...!",BL,15세 이용가,레진코믹스
월요일,모모세 헬프!!,https://www.lezhin.com/ko/comic/momose,https://ccdn.lezhin.com/v2/comics/6453048194760704/images/wide.webp?updated=1609317064257&width=277,성원,"단 하나 남은 가족인 남동생마저 불의의 사고로 떠난 후, 그녀는 죽고 싶어도 죽지 못하는 신세가 돼버렸다. 17세 고등학생 모모세, 그녀에게 붙은 수호천사는 축복, 아니면 저주? 그러던 어느 날 모모세는 동네 전단지에서 수상쩍은 단어를 발견한다. 그것은 바로 ‘심.령.사.무.소' <데일리 위치> 성원 작가 신작!",판타지,15세 이용가,레진코믹스
월요일,이토록 다채로운 핏빛,https://www.lezhin.com/ko/comic/colorful,https://ccdn.lezhin.com/v2/comics/4705963879235584/images/wide.webp?updated=1633486256575&width=277,므앵갱,"피의 색으로 모든 것이 나뉘는 세상.
순수한 색일수록 높은 신분을, 섞이고 섞여 혼탁한 색일수록 낮은 신분을 지닌 채 살아가는 인간들 앞에 어느 날 '흡색'이라는 무시무시한 존재가 나타난다.
아무 색도 없는 흡색들은 닥치는 대로 인간의 피를 탐하고, 이에 대항할 수 있는 것은 오직 ‘빛눈의 은덕‘을 입은 사람들뿐.
바로 그 ‘빛눈의 은덕’이 어느 보잘것없던 소녀 시르에게 찾아오게 되는데...!
<어둠이 스러지는 꽃> <삼작미인가> 므앵갱 작가의 신작!",판타지,15세 이용가,레진코믹스
월요일,러브 포엠,https://www.lezhin.com/ko/comic/love_poem,https://ccdn.lezhin.com/v2/comics/4775451873837056/images/wide.webp?updated=1623731141709&width=277,해연,"잘생긴 외모, 재벌 2세 막내 도련님, 유명 시인. 누구라도 사랑할 수밖에 없는 남자, 태은(시인)은 처음으로 자신에게 차가운 연우(만화가)를 만나게 되어 난생처음으로 누군가에게 사랑 받기 위해 노력한다.",BL,전체 이용가,레진코믹스
월요일,주먹꾹,https://www.lezhin.com/ko/comic/cat_fist,https://ccdn.lezhin.com/v2/comics/4974892860702720/images/wide.webp?updated=1626417764417&width=277,캐너피,"집사의, 집사에 의한, 집사를 위한 냥냥이들의 행복 전도 만화!!! 볼을 꾹- 배를 꾹- 젤리를 꾹- 잡고 부비부비하고 싶어지는 고양이들을 보며 행복해지는 기분을 느껴보세요! ※ 너무 귀여워서 보다가 몸이 베베 꼬일 수 있습니다.",일상,15세 이용가,레진코믹스
월요일,사람의 사이로,https://www.lezhin.com/ko/comic/saram,https://ccdn.lezhin.com/v2/comics/5016813088342016/images/wide.webp?updated=1592551849904&width=277,김보통,사람의 눈에 띄지않게 숨어 살아가던 요괴 가족. 그러나 40년 전의 한 사건을 계기로 사람들 속에서 사람인척 살아가기로 마음 먹는다. 그렇게 시작된 순박한 요괴 가족의 애잔한 사람살이.,드라마,전체 이용가,레진코믹스
화요일,완벽한 연애,https://www.lezhin.com/ko/comic/perfect_love,https://ccdn.lezhin.com/v2/comics/6403873117110272/images/wide.webp?updated=1634537812764&width=277,ㅁㅣㄱ,"결혼도 진중한 연애도 하고 싶지 않고 가볍게 즐기는 썸만 타고 싶은 이현. 불안정한 가정환경도 크게 비전없는 것 같은 직장생활도 그녀가 안정적인 연애를 하는데에 걸림돌이다. 동네에서 우연히 마주친 남자 민혁과 운명처럼 회사 근처에서도 마주치게 되고 이 둘은 주인공의 바람처럼 가벼운 관계가 된다.
그리고 민혁을 좋아한다는 직장 동료. 그녀는 현이 가지지 못한 모든 것을 가지고 있는 것 같다. 깊은 관계가 되고싶지 않아 더 이상 다가가지 못했던 민혁에게도 적극적으로 대쉬한다. 그녀에게 민혁을 뺏기지 않으려면 현이도 나서야하지만...
로맨스, 일상, 현대물, 짝사랑, 달달물",로맨스,전체 이용가,레진코믹스
화요일,위장여친,https://www.lezhin.com/ko/comic/fake_girlfriend,https://ccdn.lezhin.com/v2/comics/4743356283682816/images/wide.webp?updated=1634104067621&width=277,튼튼,남자에게 인기가 많아도 너무 많아 귀찮을 지경인 21살 연아. 눈 앞에 방패막으로 딱 좋은 꽃미남이 나타났다! 키는 좀 부족해도 잘!생!긴 남자면 충분....했는데 잘생긴 여자였다? 심지어 레즈라고 소문난 서민영! 둘은 어쩔 수 없이 위장 연애를 시작하는데…,백합,전체 이용가,레진코믹스
화요일,미성년,https://www.lezhin.com/ko/comic/immature,https://ccdn.lezhin.com/v2/comics/4509144894210048/images/wide.webp?updated=1618819892810&width=277,히눈,"공부밖에 모르는 모범생 진혁과 일진들 중심에 서있는 임희찬.
진혁은 반 분위기를 흐리는 희찬 무리가 거슬린다.
앞으로 그들을 계속 무시하면서 지내겠다고 다짐을 하지만 하굣길에 희찬이 그의 아버지에게 맞고 있는 장면을 목격하고 마는데…
전혀 어울리지 않을 것 같은 두 사람의 관계는 가까워질 수 있을까?",BL,15세 이용가,레진코믹스
화요일,바퀴멘터리,https://www.lezhin.com/ko/comic/baquimentary,https://ccdn.lezhin.com/v2/comics/6185833387393024/images/wide.webp?updated=1626417739320&width=277,박바퀴,제가 이러고 삽니다.,일상,15세 이용가,레진코믹스
화요일,4컷용사,https://www.lezhin.com/ko/comic/cartoon_hero,https://ccdn.lezhin.com/v2/comics/248/images/wide.webp?updated=1626417556358&width=277,고지라군,마왕을 해치운 용사는 드디어 공주를 구하고 새 삶을 찾는다. 하지만 공주와의 달콤한 미래는 상상으로 끝나버리고... 마왕 격퇴 이후 평범백수로 전락한 용사의 구차한 일상. 고지라군 작가님의 화제작 4컷용사가 리메이크로 찾아왔다!,판타지,15세 이용가,레진코믹스
화요일,레그널 트리거,https://www.lezhin.com/ko/comic/regnal_trigger,https://ccdn.lezhin.com/v2/comics/6016237758185472/images/wide.webp?updated=1616393870842&width=277,kalma,트레비엔 제국의 채굴장에서 10년간 강제 노역을 한 아렌과 토아. 아렌은 쌍둥이 동생 토아와 함께 그곳을 탈출하려는 계획을 세우지만 토아는 스스로 목숨을 끊어버리고 만다. 자신의 삶에 유일한 희망이었던 토아가 죽자 아렌 또한 스스로 목숨을 끊으려고 한다. 그 순간 나타난 수수께끼의 인물 '디드'가 나타난다. 디드는 토아를 되살릴 수 있는 방법이 있다며 자신과 계약을 하자고 하는데…?,판타지,15세 이용가,레진코믹스
화요일,나의 수하[개정판],https://www.lezhin.com/ko/comic/my_suha_15,https://ccdn.lezhin.com/v2/comics/6234227991969792/images/wide.webp?updated=1610419380910&width=277,차현,"[개정판]
해당 작품은 <나의 수하> 성인 버전의 일부 장면을 수정한 개정판입니다. 낮에는 유능한 '비서'로, 밤에는 유능한 '남자'로 이중생활을 즐기는 수하. 칼퇴 후 게이바에서 상대를 거절하고 나오는 순간 문 앞에서 누군가와 부딪히는데…. 몸에 집 한 채는 걸치고 다니는 이 남자... ""박지운...이사님?!""",BL,15세 이용가,레진코믹스
화요일,잘 자 내 꿈 꿔,https://www.lezhin.com/ko/comic/goodnight,https://ccdn.lezhin.com/v2/comics/5611356766994432/images/wide.webp?updated=1622448033253&width=277,이이런,"「빠알간 창, 교실 복도, 몸을 옭아매던 수십 개의 손가락.
그 소름 끼치던 꿈속은ㅡ 나의 꿈이 아니었다.」
평범한 학생이었던 성하는 겉돌던 같은 반 친구, 이수의 악몽 속에서 깬 이후로 다른 사람들의 꿈이 보이기 시작하는데...
<불편한 진실> 이이런 작가가 보내드리는 누구나 일어날 수 있는 기묘하고도 흡입력 강한 두 번째 이야기.",미스터리,15세 이용가,레진코믹스
화요일,러브 오어 헤이트[개정판],https://www.lezhin.com/ko/comic/loveorhate_15,https://ccdn.lezhin.com/v2/comics/5641055802818560/images/wide.webp?updated=1603872486579&width=277,박담 / 글: 영하,"[개정판]
해당 작품은 <러브 오어 헤이트> 성인 버전의 일부 장면을 수정한 개정판입니다.
부모님의 재혼으로 만나 해서는 안되는 관계를 이어가던 해수와 주원.반복되는 이별과 만남, 다툼과 잠자리 속 무감각해져버린 둘 사이에 태경이 파고들면서 변화는 시작된다.",BL,15세 이용가,레진코믹스
화요일,안티피티[개정판],https://www.lezhin.com/ko/comic/anti_pt_15,https://ccdn.lezhin.com/v2/comics/4706772223328256/images/wide.webp?updated=1618213047870&width=277,이지피,"[개정판]
해당 작품은 <안티피티> 성인 버전의 일부 장면을 수정한 개정판입니다.
""내 인생은 언젠가 이 X 때문에 망할거야.""
대기업의 촉망받는 엘리트사원 이파람.
그의 최대 약점은 때와 장소를 가리지 않고 쉽게 흥분해버린다는 것.
심지어 몸 좋고 성격 좋은 상사한테 반해서 회사생활이 쉽지만은 않은데..
어쩌다 사내 피트니스센터의 트레이너한테 잘못 걸려 PT까지 받게 되다니!
아무도 없는 심야에 시작되는 그들만의 PT수업.
...이거 정말 PT 맞나요?",BL,15세 이용가,레진코믹스
화요일,조만국박람회,https://www.lezhin.com/ko/comic/expo,https://ccdn.lezhin.com/v2/comics/5275168827310080/images/wide.webp?updated=1626417570580&width=277,조만국,"조만국 : 일상툰 하겠습니다.
PD : 오
조만국 : 하지만 제 일상은 비밀입니다.
PD : ?
조만국 : 저는 여러분께 제 일상을 공유할 생각이 없습니다.
PD : ?!!
원고를 읽고 킹받은 담당PD가 퇴사까지 고민하게 만든, 조만국 작가의 신비주의 일상툰!",일상,15세 이용가,레진코믹스
화요일,오타쿠에게 사랑은 어려워,https://www.lezhin.com/ko/comic/otakoi,https://ccdn.lezhin.com/v2/comics/6466786480095232/images/wide.webp?updated=1626671868338&width=277,후지타,"나루미는 매번 오타쿠라는 이유로 차이고, 그럴 때마다 게임 오타쿠인 히로타카에게 하소연한다. 사귀는 게 아까울 정도로 죽이 잘 맞던 두 사람, 둘의 관계에 변화가 일어나는데! ""나라면 아이템 수집이든 렙업이든 얼마든지 같이 해줄거고, 야근해도 기다려 줄거고, 실망시키지도 울리지도 않을 거야.""
일본 pixiv 초인기 연재작 레진 독점 선공개",로맨스,15세 이용가,레진코믹스
화요일,"시선 끝, 30도",https://www.lezhin.com/ko/comic/stare,https://ccdn.lezhin.com/v2/comics/5073458287935488/images/wide.webp?updated=1606982348178&width=277,소보로 / 글: 여로,도진에게 연우는 그저 특이한 애였다. 그러나 언젠가부터 도진의 시선은 연우를 쫓고 있었다. 도진은 어째서 그 애에게 시선을 뗄 수 없는 걸까? 그리고 도진이 느끼는 그 감정은 대체 무엇일까?,BL,15세 이용가,레진코믹스
화요일,용의 아들 최창식,https://www.lezhin.com/ko/comic/dragon,https://ccdn.lezhin.com/v2/comics/6613349614616576/images/wide.webp?updated=1590400188389&width=277,임인스,"임인스 작가의 <용의 아들 최창식>이 레진에 도착했다!
전직 촌장! 현직 용사?! 강력한 마력에 선택 받은 자가 아니면 미동도 일으킬 수 없다는 전설의 검! 그 전설의 검을 노인 최창식이 뽑아 버리고 마는데?!",개그,15세 이용가,레진코믹스
화요일,울프 인더 하우스[개정판],https://www.lezhin.com/ko/comic/wolf_inda_house_15,https://ccdn.lezhin.com/v2/comics/5005186239102976/images/wide.webp?updated=1585215124298&width=277,박지연,"[개정판]
해당 작품은 <울프 인더 하우스> 성인 버전의 일부 장면을 수정한 개정판입니다. 마지못해 사귀어왔던 애인과의 뻔한 이별. 후련한 마음으로 삶의 전환점을 찾던 민석은 대형견 백산이를 임시로 보호하게 된다. 구질구질 구남친 대신 귀여운 멍멍이와 함께 자유를 만끽할 줄 알았는데... 생각보다 많이 엉뚱한 존재가 삶에 들어와버렸다!",BL,15세 이용가,레진코믹스
화요일,인시크릿[개정판],https://www.lezhin.com/ko/comic/insecret_15,https://ccdn.lezhin.com/v2/comics/5665181768679424/images/wide.webp?updated=1621229868182&width=277,이파도,"[개정판]
해당 작품은 <인시크릿> 성인 버전의 일부 장면을 수정한 개정판입니다. 회사의 골칫거리였던 <인시크릿> 멤버 박도진, 그를 유일하게 컨트롤 할 수 있는 멤버 최유원! 두 사람은 나름대로 원만한 팀메이트 관계를 유지하고 있었다. '그날' 박도진이 그런 실수를 하기 전까지는...",BL,15세 이용가,레진코믹스
화요일,구독한 식탁,https://www.lezhin.com/ko/comic/siktak,https://ccdn.lezhin.com/v2/comics/6602849724465152/images/wide.webp?updated=1632988190430&width=277,눅쓰,"무작정 시작해버린 먹방 너튜브 채널.
반응 없으면 접자는 마음으로 무심코 올린 영상이 대박?!
탄탄대로일 줄 알았던 너튜버의 길을 가로막는 콘텐츠 부족과 악플 공격...
그때 이 채널의 구독자 한 명이 도와주겠다며 나타나는데...!
누구나 대박을 꿈꾸지만, 쉽지 않은 너튜버의 길. <구독한 식탁>!",일상,전체 이용가,레진코믹스
화요일,그렇게 내가 싫다면[개정판],https://www.lezhin.com/ko/comic/hate_me_15,https://ccdn.lezhin.com/v2/comics/6004151141072896/images/wide.webp?updated=1595670901616&width=277,파고,"[개정판]
해당 작품은 <그렇게 내가 싫다면> 성인 버전의 일부 장면을 수정한 개정판입니다.
아웃사이더 복학생 민재는 우연히 과방에서 자고 있는 조교 진한을 몰래 훔쳐보는 후배 형조를 목격한다. 그날 이후 민재는 형조에게 정신적 육체적으로 시달리게 되는데... 서로 싫어하지만 왠지 모르게 끌리는 두 사람. 이들의 관계는 과연 어떻게 될 것인지?",BL,15세 이용가,레진코믹스
화요일,노라줘요 -우리 집 웰시코기 이야기-,https://www.lezhin.com/ko/comic/asondekure,https://ccdn.lezhin.com/v2/comics/5947434825154560/images/wide.webp?updated=1627378910475&width=277,라쿠다,"역대급으로 귀여운 반려동물 웹툰 탄생!!
아장아장 짧은 다리, 오동통한 엉덩이, 귀여운 미소를 가진 웰시코기
개를 키워 본 이들이라면 모두 공감할 만한 에피소드로 무장한,
읽는 즉시 입꼬리 UP, 광대승천 보장 애견인의 필수웹툰
일본 트위터 화제의 작품이 드디어 한국 연재 시작!!
본 작품은 1~3화는 컬러 특별판으로 제작되었으며,
그 후에는 부분 컬러, 흑백으로 구성된 작품입니다.",일상,15세 이용가,레진코믹스
화요일,연화,https://www.lezhin.com/ko/comic/lotus,https://ccdn.lezhin.com/v2/comics/5777799590772736/images/wide.webp?updated=1615774378267&width=277,"스튜디오 열일, 스튜디오 질풍",고려시대를 배경으로 가상의 이야기를 결합한 퓨전 사극로맨스. 아버지의 복수를 위해 왕을 죽이려는 여자와 그녀를 사랑한 왕의 이야기,로맨스,전체 이용가,레진코믹스
화요일,보름달 식당,https://www.lezhin.com/ko/comic/kimbotong_fullmoon,https://ccdn.lezhin.com/v2/comics/5873525665628160/images/wide.webp?updated=1583219994404&width=277,김보통,"오늘도 지친 당신에게 필요한 건?
맛있는 밥 한 그릇을 들고 오늘도 보름달식당이 찾아갑니다.",드라마,전체 이용가,레진코믹스
수요일,소꿉친구가 자꾸 괴롭혀!,https://www.lezhin.com/ko/comic/nuri,https://ccdn.lezhin.com/v2/comics/5015838139940864/images/wide.webp?updated=1626418904502&width=277,NAKTA,"고등학교 2학년 새학기를 맞이하는 한누리. 초등학교 시절 전학 갔던 소꿉친구 강호밀이 같은 반 옆자리 짝꿍으로 돌아왔다!
키 147cm로  멈춰버린 자신과 다르게 몇년 새 많은 것이 달라진 호밀. 그의 등장으로 흠칫 긴장하고 덜컹 가슴 뛰는 일상이 시작된다!",학원,15세 이용가,레진코믹스
수요일,바퀴멘터리,https://www.lezhin.com/ko/comic/baquimentary,https://ccdn.lezhin.com/v2/comics/6185833387393024/images/wide.webp?updated=1626417739320&width=277,박바퀴,제가 이러고 삽니다.,일상,15세 이용가,레진코믹스
수요일,LOVE WINS,https://www.lezhin.com/ko/comic/lovewins,https://ccdn.lezhin.com/v2/comics/4527189402124288/images/wide.webp?updated=1629178762705&width=277,목도리,"「 레진챌린지에서 독자들의 정신이 아찔해지게 웃기고 설렜던 선 결혼 후 연애 로맨스!! 」
동성혼 합법화 소식에 들떠 번개에 나간 모쏠 레즈 이다연.
술에 취해 모르는 여자와 혼인신고를 해버렸다....!?",백합,15세 이용가,레진코믹스
수요일,타치바나 백작,https://www.lezhin.com/ko/comic/tachibanabl,https://ccdn.lezhin.com/v2/comics/5878601020145664/images/wide.webp?updated=1632728185501&width=277,활기,"일제강점기 시대, 조선인 소년 권용현은 매년 여름마다 마을 뒷산에 있는 타치바나 백작저에 초대받는다.
그곳에서 친해진 미스터리한 소년 타치바나 쇼는 저택에서 단 한번도 나가보지 못한채 갇혀있는 신세였고,
권용현은 그런 타치바나 쇼를 도와 저택에서 벗어날 수 있도록 궁리하기 시작하는데..",BL,15세 이용가,레진코믹스
수요일,단금지교,https://www.lezhin.com/ko/comic/dangeum_jigyo,https://ccdn.lezhin.com/v2/comics/5778995370655744/images/wide.webp?updated=1632988845735&width=277,핑푸,"왕세자 지교는 동생을 죽였다는 누명을 쓰고 귀양길에 오른다. 그를 따르던 호위무사 단금은 죽음을 목전에 둔 유배지에서 지교를 향한 연정을 숨기지 못하고, 그로 인해 지교 또한 마음이 어지러운데..",BL,15세 이용가,레진코믹스
수요일,머쉬룸 스프,https://www.lezhin.com/ko/comic/mushroomsoup,https://ccdn.lezhin.com/v2/comics/6614679117758464/images/wide.webp?updated=1610586605631&width=277,부발,"18살 생일, 이상한 꿈과 함께 잠에서 깨어난 아리는 시골 마을로 전학을 가게 된다. 이번 생일 선물은 특별하다며 그녀를 거대한 나무 앞으로 데려간 부모님이 나무에 노크를 두 번 하자 아리는 땅속으로 끊임없이 떨어지게 되는데?! 매력넘치는 버섯족 친구들의 이야기가 시작된다! 제4회 세계만화공모전 우수상 수상작!",판타지,15세 이용가,레진코믹스
수요일,왓치가이,https://www.lezhin.com/ko/comic/watchguy,https://ccdn.lezhin.com/v2/comics/4625200343023616/images/wide.webp?updated=1619320632111&width=277,ASURA / 글: 마사토끼,시간의 왜곡을 감지할 수 있는 소년 성운협은 시간을 멈출 수 있는 소녀 정은하와의 만남으로 인해 시간능력의 본질과 그 능력의 소유자들의 존재에 대해 파고들게 된다. 그러던 중 시간능력이 십수 년 전에 일어난 어떤 사건과 깊숙이 연결되어 있다는 사실을 알게 되는데...,드라마,15세 이용가,레진코믹스
수요일,킹스메이커,https://www.lezhin.com/ko/comic/kingsmaker,https://ccdn.lezhin.com/v2/comics/5172685072760832/images/wide.webp?updated=1550127491993&width=277,"강지영, 하가","황제의 소유물에는 손 끝 하나 닿고 싶지 않아! 아버지에게 복수심을 품고 그의 모든 것을 증오하는 4황자 볼프강, 현실을 벗어날 수 있을 힘과 황제의 몰락을 원하는 신수혁. 다른 생각을 가지고 같은 꿈을 꾸는 두 사람…! [OH, MY GOD!] 강지영, [공주는 잠 못 이루고] 하가 작가가 선보이는 초대형 BL 판타지!",BL,15세 이용가,레진코믹스
수요일,꼴데툰 2021,https://www.lezhin.com/ko/comic/ggtoon2021,https://ccdn.lezhin.com/v2/comics/6690294575988736/images/wide.webp?updated=1630634519726&width=277,샤다라빠,"지난 몇 년 간 꿇었던 건 추신수 아니 추진력을 얻기 위함이었다!
보고 있는가, 추신수.. 여기 자네보다 뛰어난 인재가 있네. 무려 둘이나..
투타를 책임질 김진욱과 나승엽은 꼴데의 환장 대모험(?)을
아름다운 역사로 바꿔줄 것인가..!
올해도 주6회 등판하는 웹툰계 슈퍼 세이브 야구만화!",개그,15세 이용가,레진코믹스
수요일,국제결혼 절대로 하지 마라,https://www.lezhin.com/ko/comic/never_marry_a_foreigner,https://ccdn.lezhin.com/v2/comics/6631616049119232/images/wide.webp?updated=1620639265279&width=277,쑤,"""미국에도 동양인 많이 살고 좋은 곳도 많은데...나는 왜 이런 곳으로 와버린걸까?
이럴 거면 국제 결혼 하지 말 걸 그랬어!""
남친에서 남편이 된 롯과 함께 미국으로 향한 쑤. 뉴욕과 캘리포니아만 알던 '쑤'의 미국 생활기가 지금 시작됩니다.",일상,15세 이용가,레진코믹스
수요일,차린 건 없지만,https://www.lezhin.com/ko/comic/meal,https://ccdn.lezhin.com/v2/comics/5186358298083328/images/wide.webp?updated=1623812652354&width=277,심모람,차린 건 없지만 자꾸만 보게 되는 어느 만화가의 식탁.,일상,전체 이용가,레진코믹스
수요일,풀스 리마스터,https://www.lezhin.com/ko/comic/fools_re,https://ccdn.lezhin.com/v2/comics/6522308882137088/images/wide.webp?updated=1593658906250&width=277,박담 / 글: 영하,"남과 엮이지 않으며 무난한 대학 생활을 해 오던 은기. 어느 날 우연히 마주한 후배 정우의 비밀.
잊으면 그만인데 왜 이렇게 신경이 쓰일까? <러브 오어 헤이트>로 최고 인기를 누리는 영하, 박담 작가의 숨은 명작이 컬러풀한 모습으로 새단장했다!",BL,전체 이용가,레진코믹스
수요일,바람,https://www.lezhin.com/ko/comic/wind,https://ccdn.lezhin.com/v2/comics/6400253992501248/images/wide.webp?updated=1623208082710&width=277,반메,"이세계의 경계와 존재를 인지하는 지상계의 생명들. 그 중 인간을 도사, 축생을 요괴라 부른다. 인간 도사 제철, 여우 요괴 문수, 그리고 돗가비 납은 각자의 바람과 운명을 지니고 저승문으로의 여정을 떠나는데... 제3회 세계만화공모전 대상 수상작 <바람>, 드디어 그 기나긴 여정이 시작됩니다.",판타지,15세 이용가,레진코믹스
수요일,주인의 사정[개정판],https://www.lezhin.com/ko/comic/jooin_15,https://ccdn.lezhin.com/v2/comics/5669970438848512/images/wide.webp?updated=1622447561600&width=277,WAJE / 글: 찐밤,"해당 작품은 <주인의 사정> 성인 버전의 일부 장면을 수정한 개정판입니다. 평범하게 살아온 나, 임주인. 평생 그렇게 평범할 줄 알았는데 갑자기 고야휘라는 성격 나빠 보이는 선배가 나더러 방충망 역할을 하란다. 뭐야? 근데 거절을 못 하겠네. 혹시 나 얼빠였나? 그게 끝인 줄 알았는데, 웬 미친놈이 나한테 주인님이라고 엉겨 붙는다. 근데… 얘도 잘 생겼네… 하, 나 정말 괜찮은 걸까?",BL,15세 이용가,레진코믹스
수요일,니 친구 김저키,https://www.lezhin.com/ko/comic/kimjerky,https://ccdn.lezhin.com/v2/comics/5118126189576192/images/wide.webp?updated=1626418674284&width=277,김저키,악마에게 항문을 판 블록버스터 일상툰,일상,15세 이용가,레진코믹스
수요일,Teach Me!,https://www.lezhin.com/ko/comic/teachme,https://ccdn.lezhin.com/v2/comics/5411508990312448/images/wide.webp?updated=1592382278701&width=277,뉴라,"삼수생 재홍은 층수를 착각해 잘못 찾아온 윗집 명문대생 은성을 새로운 과외선생님으로 알고 수업을 받는다. 은성이 장난친 것을 알게 되었지만 자기와 생각보다 잘 맞았던 은성에게 재홍은 진지하게 자신을 가르쳐줄 것을 권유하게 된다. ""...저기 과외 해보실래요?"" 제4회 세계만화공모전 우수상 수상작!",BL,15세 이용가,레진코믹스
수요일,4와 2분의 1 정거장,https://www.lezhin.com/ko/comic/station,https://ccdn.lezhin.com/v2/comics/6444206006337536/images/wide.webp?updated=1589875286935&width=277,팀만나,인생에 누구나 한번은 온다는 '인기가 많은 시기'가 온 것일까? 밋밋하고 평범한 주원의 인생에 네 명의 매력적인 남자가 다가온다. 과연 주원은 이 매력적인 남자들 중 단 한 명만 선택할 수 있을까? ㅡ<당신을 바라보는 건 너무 힘들어!> 팀 만나 작가의 신작!,BL,전체 이용가,레진코믹스
수요일,1미터 사이,https://www.lezhin.com/ko/comic/1m,https://ccdn.lezhin.com/v2/comics/5950656923107328/images/wide.webp?updated=1623576754197&width=277,김병관 / 글: 이은정,"어느 날 공부밖에 모르는 전교 1등 모범생 단우가 말한다. “호수와 짝을 하고 싶습니다.” 강렬한 그 말. 외모, 성적 모든 게 완벽한 남자애가 자신에게 다가온다. 모든 상황이 영 어색한 호수. 인생승리라며 친구들은 축하해주는데, 아무리 생각해도 이 남자애가 수상하다. “넌 부족한 것도 아닌데, 왜 내 옆에 있으려고 해? 날 좋아하는 것도 아니잖아?” 의문투성이의 시선으로 봐도 단우는 같은 말만 되풀이 한다. “내 곁에 있어줘.” “1미터 사이에만 있으면 돼.” 그저 자신의 옆에서 안심한 듯 공부에 열중하는 단우. 완벽해 보였던 그와의 학교 생활은 호수가 전혀 생각하지 못했던 방향으로 흘러간다.",로맨스,15세 이용가,레진코믹스
수요일,비 갠 뒤 우리들을 따라,https://www.lezhin.com/ko/comic/aftertherain,https://ccdn.lezhin.com/v2/comics/5784277577433088/images/wide.webp?updated=1614067162182&width=277,라쿠타 쇼코,"상처 받는 것이 두려워 관계 맺기를 거부하며 철저히 솔로 라이프를 영위하는 카나데. 어느 날 우연히 학창시절 짝사랑 상대였던 마시로와 재회하게 되고 카나데는 크게 흔들린다. 마시로의 적극적인 관심에도 카나데는 어째선지 좀처럼 마음을 열지 못하는데...
라쿠타 쇼코 작가의 물빛 감성 BL 신작!!",BL,15세 이용가,레진코믹스
수요일,살맛 : 전생에 나라를 구했습니다[개정판],https://www.lezhin.com/ko/comic/salmat_15,https://ccdn.lezhin.com/v2/comics/5420909429325824/images/wide.webp?updated=1620722669455&width=277,스튜디오 스텔라즈,"해당 작품은 <살맛 : 전생에 나라를 구했습니다> 성인 버전의 일부 장면을 수정한 개정판입니다. 명문대 교수의 비서로 매일 야근에 시달리는 모태솔로 ""채이""는 급작스런 교수의 호출로 공항에 도착한다. 그런데 갑자기 헐리웃 스타가 내게 키..키스를? 그것도 모자라 중동의 대부호에게 납치까지..! 갑자기 주위에 온통 미남들이라니... 나, 전생에 나라라도 구했나? <엄마의 남자> 스튜디오 스텔라즈의 로맨스 신작.",로맨스,15세 이용가,레진코믹스
수요일,삐딱한 기억 사전,https://www.lezhin.com/ko/comic/crooked_pedia,https://ccdn.lezhin.com/v2/comics/5487399481769984/images/wide.webp?updated=1566873007610&width=277,김팍새,"친구가 내 앞에서 자살하려 한다면 어떻게 해야할까?'
지난 날의 우울을 모아 만든 기억 사전.
나, 여기에서, 살아남을 수 있을까?
ㅡ 삶에 이리저리 치이며 무너지지 않게 힘겹게 버티고 있거나, 어쩔 수 없이 무너져버린 나를 보살피고 있는, 혹은 그 누구에게나 공감이 될 수 있는 이야기. 지금 시작합니다.",일상,15세 이용가,레진코믹스
수요일,꽃점 봐 드립니다,https://www.lezhin.com/ko/comic/flowertaro,https://ccdn.lezhin.com/v2/comics/6128037428264960/images/wide.webp?updated=1627355637741&width=277,주은,"무당할머니에게 물려받은 꽃점 카드로 사람들의 점을 봐주던 승연에게 신기한 능력이 생긴다.
그 능력으로 금방 유명세를 타게 되지만
이를 질투한 '검은 실'의 등장으로 곧 위기에 빠지게 되고,
그런 그녀 앞에 한 남자가 나타나는데...
꽃점 보는 여자와 퇴마사 남자의 이색적인 로맨스",드라마,15세 이용가,레진코믹스
수요일,배달부들,https://www.lezhin.com/ko/comic/qr,https://ccdn.lezhin.com/v2/comics/4865266188943360/images/wide.webp?updated=1591867572794&width=277,우주,"차라리 죽었으면 싶던 날이었다. 시간도 없고, 돈도 없고, 없는 것 투성이인 인생, 아버지는 혁이 어렵게 모은 돈과 함께 사라졌다. 집안에 남아있던 유일한 단서는 QR코드뿐... 혁은 매일 밤, 사라지기 전 아버지가 함께 있던 여자와 또다른 QR코드를 찾아 헤맨다.",드라마,15세 이용가,레진코믹스
수요일,한여름 밤의 꿈,https://www.lezhin.com/ko/comic/midsummer,https://ccdn.lezhin.com/v2/comics/5600310336225280/images/wide.webp?updated=1605597585294&width=277,룡키 / 글: 박연조 / 그림: 재재,군위군 다례재에 참석한 서준은 만파식적의 힘에 이끌려 고려시대로 가게 된다. 일연스님의 부탁을 받은 서준은 나라를 구하기 위해 도깨비 비형랑과 여행을 떠나는데...,판타지,전체 이용가,레진코믹스
수요일,바리데기 별자국,https://www.lezhin.com/ko/comic/baridegi,https://ccdn.lezhin.com/v2/comics/4520271553298432/images/wide.webp?updated=1606039362604&width=277,김보통,도깨비들이 훔쳐간 북두칠성을 찾기 위해 바리데기는 요괴 조마구와 여행을 떠난다. 바리데기는 전국 곳곳의 문화 유적지에서 마주친 요괴와 사람들을 도우며 별들과 소중한 삶의 가치를 되찾는다.,판타지,전체 이용가,레진코믹스
목요일,바퀴멘터리,https://www.lezhin.com/ko/comic/baquimentary,https://ccdn.lezhin.com/v2/comics/6185833387393024/images/wide.webp?updated=1626417739320&width=277,박바퀴,제가 이러고 삽니다.,일상,15세 이용가,레진코믹스
목요일,바나나툰,https://www.lezhin.com/ko/comic/bananatoon,https://ccdn.lezhin.com/v2/comics/6551967191793664/images/wide.webp?updated=1626417543711&width=277,와나나,친구 잘 팔아먹는 만화. 아버지가 극찬하신(?) 만화. 즐거운 와나나의 일상을 바나나 껍질 벗기듯 낱낱이 까보는 만화.,일상,15세 이용가,레진코믹스
목요일,히어로즈 플랜비,https://www.lezhin.com/ko/comic/planb,https://ccdn.lezhin.com/v2/comics/312/images/wide.webp?updated=1632989104931&width=277,인디고,인디고 작가의 틴에이저 히어로물 [내츄럴스]가 본격적인 스케일로 다시 돌아왔다.,액션,15세 이용가,레진코믹스
목요일,이름 없는 가게,https://www.lezhin.com/ko/comic/noname_shop,https://ccdn.lezhin.com/v2/comics/5967542155214848/images/wide.webp?updated=1620200123330&width=277,하몽,"원하는 물건은 뭐든 구해주는 가게? 그러나 그 물건을 사용하는 데는 엄청난 대가가 따른다. 때로는 행복을, 때로는 파멸을 부르는 영력이 담긴 물건들을 다루는 수수께끼의 가게, 그리고 더욱 미스터리한 주인의 정체는 무엇인가!",판타지,15세 이용가,레진코믹스
목요일,집사랑,https://www.lezhin.com/ko/comic/butlove,https://ccdn.lezhin.com/v2/comics/6456906317627392/images/wide.webp?updated=1616658775125&width=277,김첨지,"「<박배우X김남팬> 김첨지 작가의 화제의 기대 신작!」
오로지 남자 집사들만 고용되는 대저택에서 벌어지는 우당탕탕 좌충우돌 해프닝들!!
살짝 까칠하지만 프로페셔널한 집사장 후보 아서, 그리고 그런 아서만을 바라보는 라이언과 당돌한 야망의 소유자 막내 올리버까지..! 이 셋을 포함한 개성 강하고 매력적인 8명의 집사가 주인님을 모시기 위한 노력들을 지켜봐 주세요.",BL,전체 이용가,레진코믹스
목요일,꼴데툰 2021,https://www.lezhin.com/ko/comic/ggtoon2021,https://ccdn.lezhin.com/v2/comics/6690294575988736/images/wide.webp?updated=1630634519726&width=277,샤다라빠,"지난 몇 년 간 꿇었던 건 추신수 아니 추진력을 얻기 위함이었다!
보고 있는가, 추신수.. 여기 자네보다 뛰어난 인재가 있네. 무려 둘이나..
투타를 책임질 김진욱과 나승엽은 꼴데의 환장 대모험(?)을
아름다운 역사로 바꿔줄 것인가..!
올해도 주6회 등판하는 웹툰계 슈퍼 세이브 야구만화!",개그,15세 이용가,레진코믹스
목요일,방과후에 3,https://www.lezhin.com/ko/comic/afterschool3,https://ccdn.lezhin.com/v2/comics/6657732865032192/images/wide.webp?updated=1562121396450&width=277,권골수,"<방과후에> 3부작 대망의 마지막 시리즈! 더 커진 스케일과 갈등. 그리고 뒤늦게 밝혀지는 진실들.. 그는 정말 돌이킬 수 없는 짓을 저질렀을까?
ㅡ 친구들이 살해당하고 위험한 상황 속에서도 침착하게 살인범을 잡아왔던 준휘.
그러나 너무 깊이 관여해 버린 걸까? 살인범들의 조직이 그의 영리함을 주시하게 되면서,
' 자신도 언젠가 그들처럼 되어버릴까 봐. ' 불안에 사로잡히고 마는데..
...이야기는 아무도 없는 폐건물에서 두 달간의 기억이 사라진 상태로 깨며 시작한다.",미스터리,15세 이용가,레진코믹스
목요일,아이싱,https://www.lezhin.com/ko/comic/icing,https://ccdn.lezhin.com/v2/comics/6550274492923904/images/wide.webp?updated=1632894136973&width=277,스튜디오 웨이브,"건물주가 되려면 대학에 가야 한다고요?!'
막장 인생 살던 18살 혁수 인생에 전환점이 찾아온다!
대학을 가기 위해 일진 싸움 방송도 접고 다짜고짜 '싸움꾼'으로서 하키를 하라는데,
하나부터 열까지 쉽게 풀리는 일이 하나도 없다!",액션,전체 이용가,레진코믹스
목요일,구최애로부터 비밀을 사수하라!,https://www.lezhin.com/ko/comic/exonepick,https://ccdn.lezhin.com/v2/comics/6430096279011328/images/wide.webp?updated=1625537303392&width=277,네치 / 글: 선마,"과거 아이돌 팬픽 작가로 꽤 유명했던 '민아'는 자신의 글 쓰는 능력을 갈고 닦아 비엘 소설 작가로 데뷔하여 성공한다.
그러던 어느 날 자신이 덕질했던 아이돌 '류우빈'이 일반인이 되어 본인의 담당 편집자로 나타난다.
졸지에 덕밍하게 생긴 민아는 그 사실을 감추려 노력하지만, 누군가의 폭로로 인해 자신이 우빈의 극성팬이였던 걸 들키게 되는데...?! 염원하던 아이돌과의 만남은 과연 악연일지, 필연일지?!!",로맨스,전체 이용가,레진코믹스
목요일,일어나서 사랑을 시작해,https://www.lezhin.com/ko/comic/wake_up,https://ccdn.lezhin.com/v2/comics/5099211312922624/images/wide.webp?updated=1591409629650&width=277,토너진,"호모포비아로 알려진 유명 배우 권태호, 불의의 사고로 의식불명이 되고 만다.
이후 그가 눈을 뜬 곳은 50년이라는 시간이 지난 후, 미국의 병원.
받아들이기 힘든 현실에 혼란스러워하는 태호 앞에 남제영이 등장한다.
제영은 태호를 좋아했지만 태호가 호모포비아라는 것을 알고 마음을 숨기며 다가가는데...
ㅡ 호모포비아인 권태호와 그를 좋아하는 남제영의 아슬아슬한 동거 생활!",BL,15세 이용가,레진코믹스
목요일,소년이 소년에게,https://www.lezhin.com/ko/comic/dear_boy,https://ccdn.lezhin.com/v2/comics/6402044966010880/images/wide.webp?updated=1614758422564&width=277,엠제이,"한평생 게이임을 부정해왔던 68세의 노인 권승태는 일기장을 통해 19살의 나와 대화를 나누게 되는데..
이 말도 안 되는 상황을 이용해 과거를 바꾸려고 미래를 알려주기 시작한다.
ㅡ감동적인 스토리텔링으로 유명한<어바웃 제인> 엠제이 작가님의 신작 BL!",BL,15세 이용가,레진코믹스
목요일,돌아올 땐 해일같이,https://www.lezhin.com/ko/comic/likeatsunami,https://ccdn.lezhin.com/v2/comics/5742475241193472/images/wide.webp?updated=1601537445354&width=277,티오비,"어리숙하지만 정직한 '이호진'은 악마 같은 '김정윤'에게 괴롭힘 당하는 친구를 구하다가 끔찍한 왕따를 당하게된다.
반복되는 폭력 속에 점점 망가져가는 호진. 하지만 작은 물결도 폭풍을 건너면 해일이 되는 법. 과연 호진은 정윤을 이기고 평범했던 일상을 되찾을 수 있을까?",액션,15세 이용가,레진코믹스
목요일,헌터의 약혼자로 살아남기,https://www.lezhin.com/ko/comic/hunterlover,https://ccdn.lezhin.com/v2/comics/6561586036146176/images/wide.webp?updated=1610939554332&width=277,하 / 그림: 은나,악명 높은 ‘뱀파이어 헌터’ 여주 맥시에게 잡힌 여린 초식남 뱀파이어 루이의 목숨을 건 판타지 ‘생존’ 로맨스,로맨스,15세 이용가,레진코믹스
목요일,아르카나 판타지,https://www.lezhin.com/ko/comic/arcana_fantasy,https://ccdn.lezhin.com/v2/comics/6657233319231488/images/wide.webp?updated=1609317014305&width=277,희 / 그림: 포엠,온 세상을 장악한 모바일 게임 아르카나판타지. 하지만 이 게임에 접속한 플레이어는 게임 속에 의식이 갇혀버리고 만다. 수많은 피해자들은 흐릿해진 현실과 가상의 경계 속에서 탈출할 수 있을 것인가? 주인공 윤의 파란만장한 이 세계 모험 성장기. 제4회 세계만화공모전 우수상 수상작!,판타지,15세 이용가,레진코믹스
목요일,보름달 식당,https://www.lezhin.com/ko/comic/kimbotong_fullmoon,https://ccdn.lezhin.com/v2/comics/5873525665628160/images/wide.webp?updated=1583219994404&width=277,김보통,"오늘도 지친 당신에게 필요한 건?
맛있는 밥 한 그릇을 들고 오늘도 보름달식당이 찾아갑니다.",드라마,전체 이용가,레진코믹스
목요일,전설의 과학도들,https://www.lezhin.com/ko/comic/kimbotong_wabtoon,https://ccdn.lezhin.com/v2/comics/5914872409817088/images/wide.webp?updated=1583219953381&width=277,김보통,"과학 인재 양성의 메카 카이스트. 이곳에 초자연적인 현상을 탐구하는 오컬트부가 있다?
폐부를 막기 위해 평범한 동아리로 위장한 오컬트부는 뜻하지 않게 '재난로봇대회'에 출전하게 되는데...천동설을 믿고 점괘와 부적을 신봉하는 그들이 제대로 된 로봇을 만들 수 있을까?
수호령 뽀삐와 함께하는 오컬트부의 좌충우돌 대회 참전기.",드라마,전체 이용가,레진코믹스
금요일,레바툰,https://www.lezhin.com/ko/comic/revatoon,https://ccdn.lezhin.com/v2/comics/260/images/wide.webp?updated=1626417228107&width=277,레바,본격 나사 빠진 유해불건전장르불문개그만화.,일상,15세 이용가,레진코믹스
금요일,매드 독,https://www.lezhin.com/ko/comic/mad_dog,https://ccdn.lezhin.com/v2/comics/5290374773145600/images/wide.webp?updated=1623905875183&width=277,하리보,조폭이라는 집안 내력으로 ‘평범한’ 일상에 집착하는 하민. 어느 날 하민이 적대 세력에 납치를 당하는 사건이 벌어지자 그의 아버지는 그 옆에 세혁을 붙여 준다. 그런데 튀어도 너무 튀는 세혁. 평범하고 싶은 하민의 일상에 세혁이라는 강렬한 파문이 일기 시작한다.,BL,15세 이용가,레진코믹스
금요일,삼국지 가후전 R,https://www.lezhin.com/ko/comic/gahu_r,https://ccdn.lezhin.com/v2/comics/4609020734078976/images/wide.webp?updated=1565590876343&width=277,사토끼 / 그림: 입개,"여러 주인을 바꿔 섬겼고, 음흉한 계책에 거리낌이 없었다. 인간의 마음에 의심을 심는 난세의 책략가이자, 전쟁에서 단 한 번도 패하지 않은 자… 그의 이름은 바로 가후. 마사토끼X입개 콤비로 새롭게 만들어지는 진짜 가후전, 그 단단한 재기동!",드라마,전체 이용가,레진코믹스
금요일,바퀴멘터리,https://www.lezhin.com/ko/comic/baquimentary,https://ccdn.lezhin.com/v2/comics/6185833387393024/images/wide.webp?updated=1626417739320&width=277,박바퀴,제가 이러고 삽니다.,일상,15세 이용가,레진코믹스
금요일,나는 너의 귀여운 카피캣!,https://www.lezhin.com/ko/comic/copycat,https://ccdn.lezhin.com/v2/comics/5305536612728832/images/wide.webp?updated=1617246605493&width=277,마롭-믹,"편입생 염세민은 복학 첫날 회화 수업에서 자신이 염탐해 온 John(조요한)과 마주치게 된다. 기쁨과 동시에 양심의 가책을 느낀 세민은 더 이상 요한과 엮이지 않길 바라지만, 그의 바람이 무색하게 요한은 세민에게 접근해 오는데… 조요한을 따라하는 “카피캣” 염세민의 아슬아슬한 3학년 2학기!",BL,15세 이용가,레진코믹스
금요일,친하게 지내자,https://www.lezhin.com/ko/comic/together,https://ccdn.lezhin.com/v2/comics/4807559635271680/images/wide.webp?updated=1626417745647&width=277,영일,"1인용 삶을 추구하며 살아온 로맨스 소설가 한수씨. 그런 한수씨의 삶에 불쑥 나타난, 시크한 매력 가득한 조카 모나. 철없는 삼촌과 애어른 조카의 기묘한 동거가 시작되었다. 두 사람 사이는 언제 쯤 가까워질까요? 한수씨, 모나, 그리고 매..매력만점 이웃들과 함께 오늘도 내일도 <친하게 지내자>!",일상,15세 이용가,레진코믹스
금요일,하루종일 조아영,https://www.lezhin.com/ko/comic/joayoung,https://ccdn.lezhin.com/v2/comics/4537933260652544/images/wide.webp?updated=1626418562198&width=277,김맹,201동 202호에는 무뚝뚝하지만 다정한 오빠와 언제나 해맑은 아영이가 삽니다. 귀여운 남매와 엉뚱한 이웃들의 유쾌한 하루하루! 오늘도 아영이와 [하루종일 조아영]♡,일상,15세 이용가,레진코믹스
금요일,나와 호랑이님,https://www.lezhin.com/ko/comic/mylovetiger,https://ccdn.lezhin.com/v2/comics/277/images/wide.webp?updated=1630476579301&width=277,윤재호 / 원작: 카넬,평범한 학생이었던 성훈은 어느날 자신이 환웅에게 선택받지 못한 호랑이 요괴와 결혼을 하지 않으면 온세상이 요괴로 덮히게 된다는 것을 듣게 되고.. 미소녀로 변한 호랑이와의 기묘한 동거가 시작된다.,판타지,15세 이용가,레진코믹스
금요일,블랙보이,https://www.lezhin.com/ko/comic/blackboy,https://ccdn.lezhin.com/v2/comics/235/images/wide.webp?updated=1533904309733&width=277,노커,블랙보이와 한스 그리고 카이드락. 용사와 마왕의 불안한 우정 .'어나더월드' 노커 작가의 또 다른 다크 판타지!,판타지,15세 이용가,레진코믹스
금요일,라온의 남자,https://www.lezhin.com/ko/comic/raon,https://ccdn.lezhin.com/v2/comics/6430757328846848/images/wide.webp?updated=1632551241738&width=277,릴리,"학창시절 짝사랑했던 라온과 재회한 서우.
내성적인 성격 탓에 쌍둥이 제우에게 대역 플러팅을 부탁한다.
그러나, 관심 없던 제우도 어느새 라온에게 빠져드는데...
달달한 짝사랑에서 시작된 불꽃 튀는 삼각관계.
라온의 마음을 두드릴 사람은 누구?
<2반 이희수> 릴리 작가의 선물 같은 작품!",BL,15세 이용가,레진코믹스
금요일,천사의 용도,https://www.lezhin.com/ko/comic/angelsuse,https://ccdn.lezhin.com/v2/comics/5892678096060416/images/wide.webp?updated=1586748326828&width=277,공사,"21세기에 악마를 소환한다는 미친놈들에게 납치당했다.
다행히 제물로 바쳐질뻔한 위기의 순간, 벽이 부서지며 얼굴이 ""천사""같은 남자가 등장!
...그런데 저 구해주러 온 거 아닌가요? 왜 나를 향해 칼을 드는 거죠…?",로맨스,전체 이용가,레진코믹스
금요일,꼴데툰 2021,https://www.lezhin.com/ko/comic/ggtoon2021,https://ccdn.lezhin.com/v2/comics/6690294575988736/images/wide.webp?updated=1630634519726&width=277,샤다라빠,"지난 몇 년 간 꿇었던 건 추신수 아니 추진력을 얻기 위함이었다!
보고 있는가, 추신수.. 여기 자네보다 뛰어난 인재가 있네. 무려 둘이나..
투타를 책임질 김진욱과 나승엽은 꼴데의 환장 대모험(?)을
아름다운 역사로 바꿔줄 것인가..!
올해도 주6회 등판하는 웹툰계 슈퍼 세이브 야구만화!",개그,15세 이용가,레진코믹스
금요일,A와 B의 초상,https://www.lezhin.com/ko/comic/portrait,https://ccdn.lezhin.com/v2/comics/6735413248917504/images/wide.webp?updated=1630634675848&width=277,두긍,"어떤 저택의 괴기한 소문이 흐르는 마을. 그 속의 평범한 남고생 윤A는 갑작스러운 편지 한 통으로 이별통보를 받게 된다. 그 속내와 본심을 알기 위해 (전)여자친구의 흔적을 더듬어가는 와중, 조금은 어둡고 이상한 도서부원 신B와 친해지게 되는데... 제1회 레진코믹스 BL 공모전 대상 수상작!",BL,15세 이용가,레진코믹스
금요일,2주간 재워주세요,https://www.lezhin.com/ko/comic/2weeks,https://ccdn.lezhin.com/v2/comics/5053488885465088/images/wide.webp?updated=1623812634670&width=277,은하이,"""아저씨, 저 좀 재워주세요.""
얼떨결에 19세 가출 소녀(?)와 동거를 하게 된 김기범.
그의 목표는 ""내보낸다. 내일은 무슨 일이 있어도 기필코 내보낸다!!!!""
ㅡ당돌한 가출 소녀 유수현과 오지라퍼 대학생 김기범.
서로를 알아가는 2주, 그 사이에 벌어지는 말랑따뜻한 이야기가 시작됩니다!!",드라마,15세 이용가,레진코믹스
금요일,조만국박람회,https://www.lezhin.com/ko/comic/expo,https://ccdn.lezhin.com/v2/comics/5275168827310080/images/wide.webp?updated=1626417570580&width=277,조만국,"조만국 : 일상툰 하겠습니다.
PD : 오
조만국 : 하지만 제 일상은 비밀입니다.
PD : ?
조만국 : 저는 여러분께 제 일상을 공유할 생각이 없습니다.
PD : ?!!
원고를 읽고 킹받은 담당PD가 퇴사까지 고민하게 만든, 조만국 작가의 신비주의 일상툰!",일상,15세 이용가,레진코믹스
금요일,에로만화부!,https://www.lezhin.com/ko/comic/eroticomic_club,https://ccdn.lezhin.com/v2/comics/5089653580955648/images/wide.webp?updated=1626417731734&width=277,Canaria / 글: 공란,"에로만화부라 해서 오해할 수 있는데 그 오해가 맞다!!
에로만화를 숭배하는 부장 상열과 에로만화 제외 모든 만화를 좋아하는 선정.
그리고 부의 존속을 위해 모여드는 개성 강한 부원들이 함께 만들어가는
학원 ""러브"" 코미디 에로만화부!",학원,15세 이용가,레진코믹스
금요일,사랑이라 하기엔 기분 나빠,https://www.lezhin.com/ko/comic/hard_to_say_love,https://ccdn.lezhin.com/v2/comics/4511761836933120/images/wide.webp?updated=1629966790809&width=277,모구스,"묘한 사건으로 여동생의 친구인 여고생 아리마 이치카와 만난,
바람둥이에 고스펙인 아마쿠사 료는 그녀에게 광적으로 (짝)사랑을 하게된다.
한편, 그의 전력투구로 퍼붓는 대시를 일관되게 기분 나빠하는 이치카는
료에게 비난을 날리지만, 료는 꿈쩍도 하지 않는데….",로맨스,15세 이용가,레진코믹스
금요일,황룡전 [개정판],https://www.lezhin.com/ko/comic/hwangryong_15,https://ccdn.lezhin.com/v2/comics/5510340547772416/images/wide.webp?updated=1590658886357&width=277,오늘만 사는 형제,"[개정판]
해당 작품은 <황룡전>성인 버전의 일부 장면을 수정한 개정판입니다.
도진의 유일한 가족인 누나와 소중한 보물인 그녀의 딸 명주. 명주의 생일 날 집에 돌아가던 도중 불의의 사고를 당한 도진은 유국이라 불리는 세계에서 눈을 뜬다. ㅡ도진을 황제라고 부르는 사람들 그리고 도진을 지키기 위해 이 세계로 불러드린 황룡. 황룡은 도진에게 황제가 되어 '정기'를 나눠 준다면 원래 있던 세계로 보내준다고 말하는데…",BL,15세 이용가,레진코믹스
금요일,마들레느가 9번지,https://www.lezhin.com/ko/comic/m_street_no9,https://ccdn.lezhin.com/v2/comics/6/images/wide.webp?updated=1630489750655&width=277,진혜리,"어느 날 갑자기 유럽의 동네 제과점에서 일하게 된다면? 행동파 모건 부인, 쿨한 파티쉐 비숍, 아르바이트 겸 작가 지망생 줄리가 꾸려나가는 작은 제과점 이야기.",드라마,15세 이용가,레진코믹스
금요일,제 3 경호팀,https://www.lezhin.com/ko/comic/3rd_security,https://ccdn.lezhin.com/v2/comics/185/images/wide.webp?updated=1630634180700&width=277,카리보,최고의 경호팀에 예사롭지 않은 신참이 들어왔다. 생사를 넘나드는 치열한 현장에서 겪는 경호팀의 활약상.,액션,15세 이용가,레진코믹스
금요일,주먹꾹,https://www.lezhin.com/ko/comic/cat_fist,https://ccdn.lezhin.com/v2/comics/4974892860702720/images/wide.webp?updated=1626417764417&width=277,캐너피,"집사의, 집사에 의한, 집사를 위한 냥냥이들의 행복 전도 만화!!! 볼을 꾹- 배를 꾹- 젤리를 꾹- 잡고 부비부비하고 싶어지는 고양이들을 보며 행복해지는 기분을 느껴보세요! ※ 너무 귀여워서 보다가 몸이 베베 꼬일 수 있습니다.",일상,15세 이용가,레진코믹스
금요일,조만국의 영화캠프,https://www.lezhin.com/ko/comic/movie,https://ccdn.lezhin.com/v2/comics/5437222505283584/images/wide.webp?updated=1626417147122&width=277,조만국,"생일에는 미역국, 해장에는 북엇국, 영화리뷰는 조만국!
누구든 영잘알로 만들어드립니다.
(주의 : 영화를 이상한 쪽으로 잘 알게 될 수 있음)",개그,15세 이용가,레진코믹스
금요일,심펭져스,https://www.lezhin.com/ko/comic/kimbotong_hirawebtoon,https://ccdn.lezhin.com/v2/comics/5125076916699136/images/wide.webp?updated=1583220032713&width=277,김보통,"국민들의 건강을 책임지는 건강보험심사평가원!
정체를 알 수 없는 누군가의 음모로 위기에 빠진 심평원을 구하러 나타난
전설의 트리오, 심펭져스! 그들은 심평원에 평화를 찾아줄 것인가?",드라마,전체 이용가,레진코믹스
토요일,킬러가 사랑에 빠졌을 때,https://www.lezhin.com/ko/comic/killer,https://ccdn.lezhin.com/v2/comics/6181022497832960/images/wide.webp?updated=1630562281238&width=277,에레세모,"[속보] 프로 킬러 주태만이 국내 최고의 배우 강다혁에게 반해버렸다!
극강의 훈련과 교육 그리고 잔인한 고문도 견뎌낸 프로 킬러 주태만, 그러나 어째서인지 강다혁의 다정함에는 손쉽게 무너지는데...?
ㅡ 프로킬러 NN년차, 설마 이게 바로 사랑? 그러면 이럴 때는 어떻게 해야 하지?",BL,15세 이용가,레진코믹스
토요일,백억년을 자는 남자,https://www.lezhin.com/ko/comic/sleepingman,https://ccdn.lezhin.com/v2/comics/5551016703033344/images/wide.webp?updated=1633669967329&width=277,수사반장,"하루에 3시간만 자도 정상 생활이 가능한 35세 양승조씨. 남들보다 5시간씩 남는 잠시간을 온전히 자신을 위해 써왔고, 그 사이에 사랑하는 아내와 자식들, 그리고 훌륭한 직장과 동료들과 함께 하게 되었다. 그러나, 36세 생일날 잠에서 깬 그의 인생은 크게 뒤틀리는데... <김철수씨 이야기> 수사반장 작가의 장대한 대우주 서사시!",드라마,15세 이용가,레진코믹스
토요일,불멸의 날들,https://www.lezhin.com/ko/comic/ImmortalDays,https://ccdn.lezhin.com/v2/comics/5308438415671296/images/wide.webp?updated=1601890756286&width=277,허긴개,"오랜 연구 끝에 인류는 더이상 죽지도 다치지도 않게 된다. 하지만 언제나 돌연변이는 존재하는 법. 죽을 수 있는 존재로 태어난 '멸'은 불사의 사람들 사이에서 갖은 고생을 하며 살아간다. 외로이 고군분투를 하며 지내던 때, 멸은 자신과 같은 돌연변이 해결사 '필'을 만나게 된다. 그리고 필은 자신과 같이 일을 하자며 멸에게 구애(?)하는데. 안전지상주의 '멸'과 한탕주의 '필', 이 조합 과연 괜찮은 걸까?",액션,15세 이용가,레진코믹스
토요일,클라우드,https://www.lezhin.com/ko/comic/cloud,https://ccdn.lezhin.com/v2/comics/5183802990723072/images/wide.webp?updated=1606097963843&width=277,김파스,"짝사랑하는 찬일이의 사진을 모으는 것이 취미인 하늘이.
그러나 실수로 같은 반 실장인 현운이에게 들키고 만다.
하늘은 착하고 모범생인 현운이 비밀을 지켜줄 것이라고 기대하지만...
왜인지 현운이 손안에서 놀아나는 것 같은데...?",BL,15세 이용가,레진코믹스
토요일,데우스 바드 마키나 2 : 선택받은 잡것,https://www.lezhin.com/ko/comic/bard2,https://ccdn.lezhin.com/v2/comics/6171464924725248/images/wide.webp?updated=1625040835353&width=277,죽은고양이 / 글: 폴빠,"""전쟁 임박! 어둠의 군세를 막을 방법은 단 하나, 그것은 빛과 함께 나타날 구원자의 존재!""
그건 님들 사정이잖아! 난 내일 아침에 전역할 예정이었다고!!
전역 전날 판타지 세계로 떨어져버린 말년 병장 철수의 이세계 군대 깽판 수난기..!!""",판타지,15세 이용가,레진코믹스
토요일,꼴데툰 2021,https://www.lezhin.com/ko/comic/ggtoon2021,https://ccdn.lezhin.com/v2/comics/6690294575988736/images/wide.webp?updated=1630634519726&width=277,샤다라빠,"지난 몇 년 간 꿇었던 건 추신수 아니 추진력을 얻기 위함이었다!
보고 있는가, 추신수.. 여기 자네보다 뛰어난 인재가 있네. 무려 둘이나..
투타를 책임질 김진욱과 나승엽은 꼴데의 환장 대모험(?)을
아름다운 역사로 바꿔줄 것인가..!
올해도 주6회 등판하는 웹툰계 슈퍼 세이브 야구만화!",개그,15세 이용가,레진코믹스
토요일,내가 원하는 건,https://www.lezhin.com/ko/comic/alliwantis,https://ccdn.lezhin.com/v2/comics/6694684605874176/images/wide.webp?updated=1611882753147&width=277,정,"전쟁 같은 수강신청의 날, 미설은 실수로 어떤 남학생의 수강 신청을 망쳐버리게 되고... 죄책감에 다시는 마주치지 않기를 바랐건만, 운명처럼 교양강의 옆자리에서 마주치는데?!
ㅡ<비밀스러운 짝사랑> 정 작가님이 선사하는 악연과 인연이 넘쳐나는 대학교 로맨스!",로맨스,전체 이용가,레진코믹스
토요일,BJ 엘프의 요리 채널,https://www.lezhin.com/ko/comic/bjelf,https://ccdn.lezhin.com/v2/comics/5206473638477824/images/wide.webp?updated=1626418383850&width=277,변태너구리,"마왕이 죽고 820년 뒤, 세계는 비약적인 기술의 발전을 이루었고, 지금 가장 인기있는 직업은... '개인 방송 스트리머' 였다! 자칭 우주 최강 엘프 아이돌 '에린'과, 요리연구가 오크 '벨'이 펼치는 좌충우돌 요리 방송 프로그램 'BJ 엘프의 요리 채널'! 지금 시작합니다!",개그,15세 이용가,레진코믹스
토요일,메리 고 라운드,https://www.lezhin.com/ko/comic/merry_go_round,https://ccdn.lezhin.com/v2/comics/5274670161854464/images/wide.webp?updated=1608254172775&width=277,나솔,"열아홉의 우리. 콤플렉스 투성이었던 나와 염치 없이 사랑스러웠던 너희들. 아무것도 할 수 없어 비참했지만 무엇이든 가능할 거라 믿었기에 즐거웠던 그때 그 찬란한 시절로, 메리-고-라운드.",로맨스,15세 이용가,레진코믹스
토요일,차린 건 없지만,https://www.lezhin.com/ko/comic/meal,https://ccdn.lezhin.com/v2/comics/5186358298083328/images/wide.webp?updated=1623812652354&width=277,심모람,차린 건 없지만 자꾸만 보게 되는 어느 만화가의 식탁.,일상,전체 이용가,레진코믹스
토요일,"꽃은 꽃으로, 잎은 잎으로",https://www.lezhin.com/ko/comic/flower_leaf,https://ccdn.lezhin.com/v2/comics/5231277554073600/images/wide.webp?updated=1629359225717&width=277,지 / 원작: 우지혜 / 그림: 해표,"재벌가 첩의 딸로 태어난 홍설영은 갖은 핍박에도 굴하지 않고 떳떳하게 자리를 잡아가고 있던 중, 부모님이 갑자기 교통사고로 돌아가시게 되고 설영 또한 자살을 가장한 죽음을 맞이하게 된다.
설영은 눈을 감는 순간까지 홍씨 일가를 저주하는데.... 그러다 갑작스레 의식이 돌아온 설영, 눈을 떠보니 시대극 드라마 세트장을 연상케 하는 배경이 눈에 들어온다...?
그리고 머리는 언제 이렇게 길어진 거야?! 설상가상으로 자신을 '아씨'라고 부르는 소녀까지....?
다른 차원에서 '홍설영'이 아닌 '장설영'으로 눈을 뜬 설영의 속시원한 복수극이 시작된다!",로맨스,12세 이용가,레진코믹스
토요일,무명의 등불,https://www.lezhin.com/ko/comic/from_nothing,https://ccdn.lezhin.com/v2/comics/4593648627417088/images/wide.webp?updated=1609396235154&width=277,이재,"부패한 왕실과 오랑캐의 침략으로 울부짖던 조선,
여자아이 두 명이 임금과 역적의 운명을 같이 타고 태어난다.
혼란스러운 시대를 밝히는 등불이 될 것인가. 그 불에 타 재가 되는 나방이 될 것인가.
...새로운 역사가 시작된다!
ㅡ짜임새 있는 스토리라인을 보여줬던 <은사> 이재 작가의 기대신작!",드라마,15세 이용가,레진코믹스
토요일,최강! 중2병 그녀,https://www.lezhin.com/ko/comic/sophomoricillness,https://ccdn.lezhin.com/v2/comics/5057602952429568/images/wide.webp?updated=1628232313834&width=277,영식,"멸망한 세상에서 살아남는 세 가지 방법이 있다.
그 중 하나는 눈에서 레이저를 내뿜는 중2 소녀에게 빌붙는 것이고, 나머지는...",드라마,15세 이용가,레진코믹스
토요일,작전본부: 우리 집,https://www.lezhin.com/ko/comic/our_home,https://ccdn.lezhin.com/v2/comics/6013643236114432/images/wide.webp?updated=1626420423573&width=277,청혈구,"택배기사로 근근이, 하지만 부지런히 살고 있는 전상우,
10년 전 사라진 아버지가 유산으로 남겼다는 집에서 살게 되었다..
그리고 집에 들어간 바로 그날 밤에 들이닥친 비밀요원들!
뭐? 나를 인질로 삼겠다고? 뭐?! 우리 집에 잠복하며 마약조직을 잡겠다고?!
갑자기 생긴 것도 모자라 갑자기 작전본부가 돼버린 우리집!!",드라마,15세 이용가,레진코믹스
토요일,한여름 밤의 꿈,https://www.lezhin.com/ko/comic/midsummer,https://ccdn.lezhin.com/v2/comics/5600310336225280/images/wide.webp?updated=1605597585294&width=277,룡키 / 글: 박연조 / 그림: 재재,군위군 다례재에 참석한 서준은 만파식적의 힘에 이끌려 고려시대로 가게 된다. 일연스님의 부탁을 받은 서준은 나라를 구하기 위해 도깨비 비형랑과 여행을 떠나는데...,판타지,전체 이용가,레진코믹스
일요일,정당한 기만,https://www.lezhin.com/ko/comic/giman,https://ccdn.lezhin.com/v2/comics/5675252141588480/images/wide.webp?updated=1634432818420&width=277,진5,"“3년 내내 네 비위 맞추느라 죽는 줄 알았어. 헤어지자.”
존재감 없는 날 굳이 좋아했던 너. 그런 너에게 잘보이기 위해 나에게 친절을 베풀던 아이들. 모두가 지겨웠다. 진정성 없는 관계에 질린 희재는 그렇게 소민에게 이별을 통보했지만..
1년 후 대학에서 우연히 소민과 재회하고, 희재가 좋아하는 은준이 형이 소민에게 관심을 보이는데..!",BL,15세 이용가,레진코믹스
일요일,천지해,https://www.lezhin.com/ko/comic/cheonjihae,https://ccdn.lezhin.com/v2/comics/59/images/wide.webp?updated=1632988786452&width=277,핑푸,"천계에 올바른 질서를 가져오기 위해 초대 옥황상제가 12지, 십장생, 오방신의 대표를 한 명씩 모아만든 기구 천지해. 이 조직에 황룡의 대표로 참가하게 된 수습 천지해 륜. 그녀가 첫 출근에서 보게된 천지해의 모습이란...? 다양한 종족이 부대끼며 살아가는 천계를 배경으로 벌어지는 특무기관 판타지 드라마.",판타지,15세 이용가,레진코믹스
일요일,여우비 내리는 날에,https://www.lezhin.com/ko/comic/foxrain,https://ccdn.lezhin.com/v2/comics/5901673735454720/images/wide.webp?updated=1625884417998&width=277,시목 / 그림: 이하안,"어린 시절 한새벽 앞에 나타난 윤슬.
그녀는 여우비처럼 예고 없이 나타났다가 예고 없이 떠나버린다.
시간이 흘러 또다시 나타난 윤슬.
그리고 지금은 앞집에 사는 이웃이 되었는데...?!",학원,15세 이용가,레진코믹스
일요일,부랄친구,https://www.lezhin.com/ko/comic/bff,https://ccdn.lezhin.com/v2/comics/5474379383439360/images/wide.webp?updated=1626417537490&width=277,한라감귤,"낭랑 18세의 지은은 길건너 옆집에 사는 민철과 10년도 더 된 부랄친구다. 남녀사이에 친구는 없다지만 꾸준히 둘은 친구임을 주장하고 있기를 10여년.. 하지만 아침에 함께 등교, 하교도 같이, 아프면 병문안, 놀러갈 때도 단둘이.. 이런 둘이 정말 단순한 친구 사이로 남을 수 있을까..? 사랑보다 먼~ 우정보다는 가까운~ 지은과 민철의 미묘한 학원일기 [부랄친구]!",개그,15세 이용가,레진코믹스
일요일,꼴데툰 2021,https://www.lezhin.com/ko/comic/ggtoon2021,https://ccdn.lezhin.com/v2/comics/6690294575988736/images/wide.webp?updated=1630634519726&width=277,샤다라빠,"지난 몇 년 간 꿇었던 건 추신수 아니 추진력을 얻기 위함이었다!
보고 있는가, 추신수.. 여기 자네보다 뛰어난 인재가 있네. 무려 둘이나..
투타를 책임질 김진욱과 나승엽은 꼴데의 환장 대모험(?)을
아름다운 역사로 바꿔줄 것인가..!
올해도 주6회 등판하는 웹툰계 슈퍼 세이브 야구만화!",개그,15세 이용가,레진코믹스
일요일,아버지의 집밥,https://www.lezhin.com/ko/comic/cooksilver,https://ccdn.lezhin.com/v2/comics/6049192073035776/images/wide.webp?updated=1630634616750&width=277,고리타,"평생 부엌 근처엔 가본 적도 없는 72세 고하응씨는 45년 간 부엌에 갇혀 밥만 지어온 아내 안순애의 고마움도 모른채 삼시세끼 까탈스레 집밥만 찾는다. 어느날 아내가 사고로 레시피에 대한 모든 기억을 잃어버리고, 남편 고하응은 난생 처음 집밥에 도전한다. 그러나, 고하응씨가 고생 끝에 만든 된장찌개를 맛본 아내는… 집밥과 인생, 가족, 그리고 진심이 맛깔나게 버무려진 <아버지의 집밥>!",드라마,12세 이용가,레진코믹스
일요일,명동젠틀맨,https://www.lezhin.com/ko/comic/gentleman,https://ccdn.lezhin.com/v2/comics/5714360039440384/images/wide.webp?updated=1632989998100&width=277,스와플 / 그림: 직가,"오랜 역사와 전통을 자랑하는 명동 양복점 거리. 하지만 기성복의 시대로 접어들며 거리는 위기를 맞이하고, 급기야 각기 다른 방식을 찾아 이를 타개하고자 한다. 그런 와중 젠틀맨, 본, W 양복점은 서로 다른 개성의 조수들을 고용하게 되는데... 과연 명동 양복점 거리는 이들과 함께 새로운 전성기를 맞이할 수 있을까?",드라마,15세 이용가,레진코믹스
일요일,달토끼와 안드로이드,https://www.lezhin.com/ko/comic/moonrabbit,https://ccdn.lezhin.com/v2/comics/4508665371033600/images/wide.webp?updated=1626418442814&width=277,호주 / 그림: 뉴꼬,"영재소녀 세오는 고등학생이 되자 WASA에 스카우트 되어 달을 가게 된다. 오랫동안 세오를 짝사랑했던 연우는 그녀가 남기고 간 연구소를 관리하기로 한다. 그녀의 환심을 사기 위해 연구소를 청소하던 중 수상한 캐비닛을 발견한 연우. 호기심을 참지 못하고 열고 만다.
경고음 소리와 들리는 익숙한 목소리는……세오...투?!",개그,15세 이용가,레진코믹스
일요일,펀칭머신,https://www.lezhin.com/ko/comic/boxing_machine,https://ccdn.lezhin.com/v2/comics/4664659247431680/images/wide.webp?updated=1588992789280&width=277,늴릴,"장인이 만든 세 대의 펀칭머신 테네, 루미나, 게헨나. 이 기계들은 펀칭한 대상에게 신비로운 힘을 불어넣어 주는 문명을 초월한 이기였다. 하지만 그 중 테네가 도난당하자 의구심을 품은 장인의 손녀딸 김선선은 직접 그것을 찾아 나서기로 결심하는데…",액션,15세 이용가,레진코믹스
일요일,타임라인,https://www.lezhin.com/ko/comic/timeline,https://ccdn.lezhin.com/v2/comics/4995133933682688/images/wide.webp?updated=1621912701120&width=277,헛둘,"화려한 패턴이 돋보이는(?) 일바지의 고장에서 자란 하윤, 패션디자인학과에 합격!
열정, 우정, 그리고 애정으로 가득할 줄 알았던 그녀의 스무살은, 타임라인의 게시글 하나로 무너질 위기에 처하는데...!",드라마,15세 이용가,레진코믹스
일요일,제5열 Born to kill,https://www.lezhin.com/ko/comic/borntokill,https://ccdn.lezhin.com/v2/comics/5510000216965120/images/wide.webp?updated=1631709094870&width=277,김성종 / 그림: 스튜디오 웨이브,"상하이 암살단 ‘살수계’의 서열 1위 킬러인 다비드 킴.
어느 날, 계주의 명령으로 다비드는 중국 최대 기업 양가집단의 총수를 암살한다. 하지만 이 일 이후로 그는 함정에 빠져 동료를 죽인 배신자이자, 동시에 1000만 달러짜리 살인의뢰의 표적이 돼 다른 살수계원들로부터 쫓기는 몸이 되는데….
원작 : 김성종 소설 <제5열>",액션,15세 이용가,레진코믹스
일요일,기절소녀 하나미!,https://www.lezhin.com/ko/comic/haami,https://ccdn.lezhin.com/v2/comics/4649055289081856/images/wide.webp?updated=1630634572399&width=277,호이,기절까지 앞으로 30초! 어릴 적 좋아하는 남자에게 고백했다가 비참하게 차인 하나미는 그 트라우마로 좋아하는 사람 앞에만 서면 기절하게 된다. 고교 입학식에서 첫눈에 반한 선배에게 고백하려는 하나미의 치밀한 계획. 그 계획 속으로 아역배우 출신 대스타 K가 끼어드는데… 과연 그녀는 고백에 성공할 수 있을까?!,로맨스,15세 이용가,레진코믹스
일요일,데스크레센도,https://www.lezhin.com/ko/comic/cranberry_juice,https://ccdn.lezhin.com/v2/comics/6227818152787968/images/wide.webp?updated=1621041048651&width=277,뱅 / 그림: 턱시도펭귄,"뛰어난 실력에 비해 좀처럼 뜨지 못하는 음악청년 조지.
음악의 악마 피스와의 계약 덕에 조지는 유명해지지만,
계약의 대가가 자신의 목숨이었음을 뒤늦게 알게 된다.
그리고 점점 줄어드는 오선지 위의 데크레센도처럼,
바뀐 세상은 조지의 목을 점점 조여오기 시작하는데!",드라마,15세 이용가,레진코믹스
일요일,안아줄게 (Burn It),https://www.lezhin.com/ko/comic/burnit,https://ccdn.lezhin.com/v2/comics/5783553740963840/images/wide.webp?updated=1611457729873&width=277,YEYA / 그림: west dog alcohol,"“네가 좀비가 돼도, 내가 너를 안아줄게”
와이와 보민은 좀비에게 쫓기면서도 서윤을 구하기 위해 백방으로 노력한다. 하지만 그 끝에서 서윤은 안타까운 모습으로 변하는데..
골든차일드 신곡 뮤비 기념 웹툰화 프로젝트!",드라마,전체 이용가,레진코믹스
